{"files":{"rails-231a680f23887d9dd70710ea5efd3c62.png":{"logical_path":"rails.png","mtime":"2013-03-06T18:36:31-08:00","size":6646,"digest":"231a680f23887d9dd70710ea5efd3c62"},"application-eeb856e3fe2c8f879c91d0e81d59cb40.js":{"logical_path":"application.js","mtime":"2013-09-06T09:23:56-07:00","size":363970,"digest":"eeb856e3fe2c8f879c91d0e81d59cb40"},"application-4962059d8f80f9bb096692bacc29c4e8.css":{"logical_path":"application.css","mtime":"2013-09-06T13:20:19-07:00","size":134254,"digest":"4962059d8f80f9bb096692bacc29c4e8"},"glyphicons-halflings-white-62b67d9edee3db90d18833087f848d6e.png":{"logical_path":"glyphicons-halflings-white.png","mtime":"2013-06-24T16:40:09-07:00","size":8777,"digest":"62b67d9edee3db90d18833087f848d6e"},"glyphicons-halflings-c806376f05e4ccabe2c5315a8e95667c.png":{"logical_path":"glyphicons-halflings.png","mtime":"2013-06-24T16:40:09-07:00","size":12799,"digest":"c806376f05e4ccabe2c5315a8e95667c"},"Facebook-0a242d659be06ccbf02528633e8ccece.gif":{"logical_path":"Facebook.gif","mtime":"2014-03-26T13:57:33-04:00","size":5048,"digest":"0a242d659be06ccbf02528633e8ccece"},"Foursquare-b9fcd15a900a96232c76876528361084.gif":{"logical_path":"Foursquare.gif","mtime":"2014-03-26T14:13:25-04:00","size":4812,"digest":"b9fcd15a900a96232c76876528361084"},"Twitter-5bf8aabbb5ac28d54510df0861d2432d.gif":{"logical_path":"Twitter.gif","mtime":"2014-03-26T13:55:34-04:00","size":4933,"digest":"5bf8aabbb5ac28d54510df0861d2432d"},"cropped-EntLab-06bdb0ba30252419014b79bd77a4264a.jpg":{"logical_path":"cropped-EntLab.jpg","mtime":"2014-12-12T13:11:10-05:00","size":41337,"digest":"06bdb0ba30252419014b79bd77a4264a"},"email-0e4c6d017c0e4220fb3c8a765a38bd4a.gif":{"logical_path":"email.gif","mtime":"2014-03-26T14:26:00-04:00","size":7961,"digest":"0e4c6d017c0e4220fb3c8a765a38bd4a"},"instagram-7682146e4f7ad22cc2bc5f891a4e6efe.gif":{"logical_path":"instagram.gif","mtime":"2014-03-26T14:09:57-04:00","size":7789,"digest":"7682146e4f7ad22cc2bc5f891a4e6efe"},"linkedin-3af6f666f3b3c97e95dd5d1625f46415.gif":{"logical_path":"linkedin.gif","mtime":"2014-03-26T13:59:46-04:00","size":4945,"digest":"3af6f666f3b3c97e95dd5d1625f46415"},"rails-bac5a56948f29ccb6a93b0d2a5d10cf2.png":{"logical_path":"rails.png","mtime":"2014-01-16T13:14:44-05:00","size":6646,"digest":"bac5a56948f29ccb6a93b0d2a5d10cf2"},"youtube-068125fcc2ad32639ecee03a34dc030d.gif":{"logical_path":"youtube.gif","mtime":"2014-03-26T14:05:52-04:00","size":4580,"digest":"068125fcc2ad32639ecee03a34dc030d"},"application-4a5876f375bf579838d0a9e48de5a3dc.js":{"logical_path":"application.js","mtime":"2014-12-11T15:07:49-05:00","size":134452,"digest":"4a5876f375bf579838d0a9e48de5a3dc"},"glyphicons-halflings-white-ed38e147e3f6e976c0a7ad59e4d628f3.png":{"logical_path":"glyphicons-halflings-white.png","mtime":"2014-12-11T15:05:39-05:00","size":8777,"digest":"ed38e147e3f6e976c0a7ad59e4d628f3"},"glyphicons-halflings-7eb193615ec1fe31f5bc9026084e1032.png":{"logical_path":"glyphicons-halflings.png","mtime":"2014-12-11T15:05:39-05:00","size":12799,"digest":"7eb193615ec1fe31f5bc9026084e1032"},"application-6b78c3000e5c82335af13d29cb22bf92.css":{"logical_path":"application.css","mtime":"2014-12-12T18:03:32-05:00","size":111717,"digest":"6b78c3000e5c82335af13d29cb22bf92"}},"assets":{"rails.png":"rails-bac5a56948f29ccb6a93b0d2a5d10cf2.png","application.js":"application-4a5876f375bf579838d0a9e48de5a3dc.js","application.css":"application-6b78c3000e5c82335af13d29cb22bf92.css","glyphicons-halflings-white.png":"glyphicons-halflings-white-ed38e147e3f6e976c0a7ad59e4d628f3.png","glyphicons-halflings.png":"glyphicons-halflings-7eb193615ec1fe31f5bc9026084e1032.png","Facebook.gif":"Facebook-0a242d659be06ccbf02528633e8ccece.gif","Foursquare.gif":"Foursquare-b9fcd15a900a96232c76876528361084.gif","Twitter.gif":"Twitter-5bf8aabbb5ac28d54510df0861d2432d.gif","cropped-EntLab.jpg":"cropped-EntLab-06bdb0ba30252419014b79bd77a4264a.jpg","email.gif":"email-0e4c6d017c0e4220fb3c8a765a38bd4a.gif","instagram.gif":"instagram-7682146e4f7ad22cc2bc5f891a4e6efe.gif","linkedin.gif":"linkedin-3af6f666f3b3c97e95dd5d1625f46415.gif","youtube.gif":"youtube-068125fcc2ad32639ecee03a34dc030d.gif"}}